"prompt","completion"
"What does science and technology form the backbone of modern civilization?","Science and technology form the backbone of modern civilization, driving human progress and shaping the way we interact with the world around us."
"What is the name of the science that studies matter, energy, and forces that govern interactions?","Physics, as a fundamental natural science, studies matter, energy, and the forces that govern their interactions."
"What type of mechanics describes the motion of bodies under forces?","Classical mechanics describes the motion of bodies under the influence of forces, providing a framework for understanding everything from falling apples to planetary orbits."
"Thermodynamics gives insights into engines, refrigeration, and energy efficiency?","Thermodynamics explores heat, energy, and the laws governing energy transformations, giving insights into engines, refrigeration, and energy efficiency."
"What does Electromagnetism focus on?","Electromagnetism focuses on electric and magnetic fields and their effects on charged particles, underpinning technologies such as electric motors, generators, and wireless communication."
"What did quantum physics revolutionize our understanding of the microscopic world?","Quantum physics revolutionized our understanding of the microscopic world, revealing the behavior of particles at atomic and subatomic scales, leading to innovations like semiconductors, lasers, and quantum computing."
"What does Relativity mean?","Relativity, formulated by Albert Einstein, unites space and time into a single continuum and explains phenomena such as time dilation, gravitational lensing, and the expansion of the universe."
"What areas of study do Astrophysics and cosmology study?","Astrophysics and cosmology study stars, galaxies, black holes, dark matter, and dark energy, expanding our comprehension of the cosmos and the origins of the universe."
"What is inorganic chemistry?","Chemistry, the study of matter and its transformations, encompasses organic chemistry, which focuses on carbon-containing compounds and is essential for pharmaceuticals, polymers, and fuels, and inorganic chemistry, which examines minerals, metals, and non-carbon compounds critical in materials science."
"What does physical chemistry combine to understand reaction dynamics, thermodynamic properties, and molecular interactions?","Physical chemistry merges physics and chemistry to understand reaction dynamics, thermodynamic properties, and molecular interactions."
"What is an example of an analytical chemistry?","Analytical chemistry provides techniques for precise measurement and identification of substances, vital in research, environmental monitoring, and quality control."
"What does biochemistry bridge chemistry and biology?","Biochemistry bridges chemistry and biology, exploring biomolecules, enzymatic reactions, and metabolic pathways that sustain life, informing medicine, nutrition, and biotechnology."
"What type of biology is the study of life?","Biology, the study of life, ranges from molecular biology, which investigates DNA, RNA, proteins, and cellular processes, to genetics, exploring inheritance, gene expression, and evolution."
"What does evolutionary biology explain species diversification and adaptation?","Evolutionary biology explains species diversification and adaptation, while anatomy and physiology study organism structures and functions."
"What is microbiology crucial for disease understanding, antibiotic development and industrial applications?","Microbiology delves into bacteria, viruses, fungi, and protozoa, crucial for disease understanding, antibiotic development, and industrial applications."
"What does Ecology examine the interactions between organisms and their environment?","Ecology examines ecosystems, biodiversity, and the interactions between organisms and their environment, guiding conservation and sustainability efforts."
"What do artificial intelligence and machine learning simulate human cognition?","Artificial intelligence and machine learning simulate human cognition, enabling pattern recognition, natural language processing, robotics, and autonomous systems."
"What do neural networks do?","Neural networks, inspired by the human brain, process information through interconnected nodes to perform tasks such as image recognition, speech synthesis, and predictive analytics."
"How does cybersecurity protect digital assets from unauthorized access?","Cybersecurity protects digital assets from unauthorized access, malware, and data breaches, employing cryptography, intrusion detection, and secure network protocols."
"What do programming languages like Python, Java, C++, and JavaScript allow developers to create applications?","Programming languages such as Python, Java, C++, and JavaScript empower developers to create applications, automate processes, and build scalable software architectures."
"What do databases manage?","Databases, both relational and NoSQL, manage structured and unstructured data, facilitating information retrieval and analytics."
"What does engineering translate scientific principles into practical solutions?","Engineering translates scientific principles into practical solutions, with mechanical engineering designing machines, engines, and robotics systems, electrical engineering focusing on circuits, power generation, and electronics, civil engineering planning infrastructure such as buildings, bridges, and roads, and aerospace engineering developing aircraft, spacecraft, and satellite technology."
"Robotics integrates mechanical, electrical, and computer engineering to create autonomous machines?","Robotics integrates mechanical, electrical, and computer engineering to create autonomous machines capable of performing complex tasks in manufacturing, medicine, and exploration."
"What do innovations in nanotechnology manipulate matter at atomic and molecular scale?","Innovations in nanotechnology manipulate matter at the atomic and molecular scale, leading to advanced materials, drug delivery systems, and sensors."
"How does biotechnology harness living organisms and biological processes for industrial, agricultural, and medical applications?","Biotechnology harnesses living organisms and biological processes for industrial, agricultural, and medical applications, including genetic engineering, synthetic biology, and biopharmaceuticals."
"Environmental technology develops solutions to mitigate pollution, manage waste, and utilize renewable energy sources?","Environmental technology develops solutions to mitigate pollution, manage waste, and utilize renewable energy sources such as solar, wind, and hydroelectric power."
"What does information technology connect global networks through the internet, cloud computing, and communication systems?","Information technology connects global networks through the internet, cloud computing, and communication systems, enabling instant access to knowledge, social connectivity, and digital commerce."
"What kind of power do advances in quantum computing promise?","Advances in quantum computing promise unprecedented computational power, potentially transforming cryptography, optimization problems, and scientific simulations."
"What do nanophotonics and optoelectronics do?","Nanophotonics and optoelectronics manipulate light at the nanoscale for applications in communications, imaging, and sensors."
"What does material science study the properties, composition, and structure of matter?","Materials science studies the properties, composition, and structure of matter to develop alloys, composites, semiconductors, and superconductors."
"What drives smart cities, autonomous vehicles, precision medicine and industrial automation?","The integration of AI with IoT, robotics, and big data analytics drives smart cities, autonomous vehicles, precision medicine, and industrial automation."
"What do emerging fields like synthetic biology, neurotechnology and space exploration expand the boundaries of human capability?","Emerging fields like synthetic biology, neurotechnology, and space exploration expand the frontiers of human capability."
"What does Interdisciplinary research bridge gaps between physics, chemistry, biology, engineering, and computer science?","Interdisciplinary research bridges gaps between physics, chemistry, biology, engineering, and computer science, fostering innovation and creating solutions to global challenges such as climate change, energy sustainability, healthcare, and cybersecurity."
"What is the scientific method that ensures technological advancements are grounded in evidence and rational analysis?","The scientific method, emphasizing observation, experimentation, hypothesis testing, and reproducibility, ensures that technological advancements are grounded in evidence and rational analysis."
"Ethical considerations guide responsible innovation and ensure that technology serves humanity positively?","Ethical considerations, including the societal impact of AI, genetic modification, and data privacy, guide responsible innovation and ensure that technology serves humanity positively."
"What is the abstract science of number, quantity, structure, space, and change?","Mathematics is the abstract science of number, quantity, structure, space, and change, forming the foundation for logic, computation, and problem-solving in both theoretical and applied contexts."
"Geometry explores shapes, sizes, relative positions, and properties of space?","Geometry explores shapes, sizes, relative positions, and properties of space, encompassing Euclidean geometry with points, lines, planes, angles, and polygons, as well as non-Euclidean geometries like hyperbolic and elliptic geometries that have applications in cosmology and relativity."
"What type of calculus is included in differential and integral calculus?","Calculus, including differential and integral calculus, examines rates of change and the accumulation of quantities, enabling the analysis of motion, optimization problems, area under curves, and dynamic systems."
"What is multivariable calculus crucial for physics, engineering, and fluid dynamics?","Multivariable calculus extends these concepts to functions of several variables, partial derivatives, multiple integrals, and vector calculus, crucial for physics, engineering, and fluid dynamics."
"What does Probability theory do?","Probability theory quantifies uncertainty, models random events, and calculates expected values, variances, and distributions, providing tools for statistics, risk assessment, and decision-making."
"What do statistics collect, analyze, interpret, and presents?","Statistics collects, analyzes, interprets, and presents data, employing descriptive and inferential techniques, hypothesis testing, regression analysis, and statistical modeling to derive insights across sciences, economics, and social studies."
"Number theory investigates integers, prime numbers, divisibility and modular arithmetic?","Number theory investigates integers, prime numbers, divisibility, modular arithmetic, Diophantine equations, and cryptographic algorithms, forming the backbone of secure communication and digital encryption."
"Combinatorics studies counting, arrangement, and combination of elements in sets?","Combinatorics studies counting, arrangement, and combination of elements in sets, addressing permutations, combinations, partitions, graph enumeration, and design theory, with applications in probability, optimization, and algorithm design."
"What is Graph theory?","Graph theory examines networks of vertices and edges, studying connectivity, paths, cycles, trees, planarity, and coloring problems, applied in computer science, social networks, transportation, and biology."
"What does topology investigate under continuous deformations?","Topology investigates properties preserved under continuous deformations such as stretching and bending, analyzing continuity, compactness, connectedness, and surfaces, influencing fields like data analysis, physics, and robotics."
"What does Discrete mathematics address?","Discrete mathematics addresses countable structures, logic, set theory, combinatorial structures, algorithms, and finite probability, forming the theoretical foundation for computer science, cryptography, and coding theory."
"What do mathematical logic studies formal systems, proof theory, model theory, and recursion?","Mathematical logic studies formal systems, proof theory, model theory, and recursion, establishing the principles of reasoning, consistency, and computability."
"What is the term for optimization?","Optimization explores methods to find the best solution under constraints, employing linear programming, convex optimization, integer programming, and dynamic programming in economics, engineering, and machine learning."
"What do differential equations describe relationships involving rates of change and functions?","Differential equations describe relationships involving rates of change and functions, modeling physical, biological, and economic systems such as population growth, heat conduction, fluid flow, and financial markets."
"What does complex analysis study functions of complex variables?","Complex analysis studies functions of complex variables, analytic functions, contour integration, and residues, with applications in engineering, physics, and signal processing."
"What is the foundation for calculus and understanding of real-valued functions?","Real analysis rigorously defines limits, continuity, differentiation, integration, and sequences, providing the foundation for calculus and understanding of real-valued functions."
"What type of modeling uses equations and structures to represent real-world systems?","Mathematical modeling uses equations and structures to represent real-world systems, predicting behavior and optimizing performance in fields such as ecology, epidemiology, finance, and technology."
"Game theory examines strategic decision-making and Nash equilibria?","Game theory examines strategic decision-making, Nash equilibria, cooperative and non-cooperative games, with applications in economics, politics, and AI."
"What is set theory?","Set theory underpins the entirety of modern mathematics, defining sets, relations, functions, cardinality, and ordinality, and enabling the construction of number systems and mathematical structures."
"Fourier analysis decomposes functions into sums of sine and cosine waves?","Fourier analysis decomposes functions into sums of sine and cosine waves, essential in signal processing, heat transfer, acoustics, and communications."
"What is the main advantage of linear programming and network flows?","Linear programming and network flows optimize resources, transportation, and logistics in industrial and technological applications."
"What do algebraic structures like groups, rings, and fields explore?","Algebraic structures like groups, rings, and fields explore operations and symmetries, forming the foundation of abstract algebra and cryptography."
"What does Calculus of variations investigate?","Calculus of variations investigates functionals, extremal problems, and optimization of curves and surfaces, applied in mechanics, optics, and economics."
"Mathematical education emphasizes problem-solving, logic reasoning, creativity, and application of concepts to diverse situations?","Mathematical education emphasizes problem-solving, logical reasoning, creativity, and application of concepts to diverse situations, building quantitative literacy and analytical skills."
"Interdisciplinary mathematics bridges physics, computer science, biology, engineering, finance, and social sciences?","Interdisciplinary mathematics bridges physics, computer science, biology, engineering, finance, and social sciences, applying quantitative methods to understand and solve real-world problems."
"What is mathematics a vast, interconnected system of knowledge?","Overall, mathematics is a vast, interconnected system of knowledge that enables humans to describe patterns, predict outcomes, make informed decisions, and advance technology and science, serving as both a tool and a lens through which the world can be understood, analyzed, and transformed."
"What area of study does humanities and social sciences encompass?","Humanities and social sciences encompass the study of human society, culture, behavior, and thought, providing insight into history, philosophy, languages, literature, geography, sociology, political science, economics, and anthropology, and enabling a deeper understanding of the human experience."
"What type of history examines the chronological record of past events, civilizations, and societies?","History examines the chronological record of past events, civilizations, and societies, including ancient civilizations such as Mesopotamia, Egypt, Greece, and Rome, the Middle Ages, the Renaissance, colonialism, industrialization, and modern history encompassing revolutions, wars, technological advancements, and globalization, analyzing causes, effects, and patterns of human activity."
"What does geography study the physical features of the Earth?","Geography studies the physical features of the Earth, climate systems, natural resources, population distribution, and human-environment interaction, dividing the discipline into physical geography focusing on landforms, oceans, weather, and ecosystems, and human geography exploring settlement patterns, cultural landscapes, urbanization, economic activities, and geopolitical issues."
"What do languages and literature investigate?","Languages and literature investigate communication, expression, and storytelling, encompassing linguistics, grammar, semantics, phonetics, and syntax, as well as literary analysis of prose, poetry, drama, and narrative structures, including classical literature, world literature, and contemporary works, examining themes, symbolism, and cultural context."
"Philosophy explores fundamental questions about existence, knowledge, ethics, reason, consciousness, and logic?","Philosophy explores fundamental questions about existence, knowledge, ethics, reason, consciousness, and logic, including branches such as metaphysics, epistemology, ethics, aesthetics, and political philosophy, with notable contributions from thinkers like Plato, Aristotle, Descartes, Kant, Hegel, Nietzsche, and Confucius, shaping critical thinking and moral reasoning."
"What is the focus of ethics on human values?","Ethics addresses questions of morality, justice, responsibility, and human values, examining dilemmas in personal, social, and technological contexts, guiding human behavior and policy decisions."
"What does sociology study human social behavior?","Sociology studies human social behavior, institutions, relationships, and organizations, analyzing social norms, roles, stratification, inequality, culture, deviance, and collective behavior, applying methods such as surveys, ethnography, and statistical analysis to understand social patterns and inform public policy."
"Political science investigates governance, political systems, power dynamics, international relations, public administration and political theory?","Political science investigates governance, political systems, power dynamics, international relations, public administration, and political theory, exploring democracy, authoritarianism, policy-making, elections, diplomacy, and global security issues, providing frameworks for understanding government functions and citizen participation."
"How does Anthropology examine human origins, cultural evolution, social structures and customs?","Anthropology examines human origins, cultural evolution, social structures, customs, rituals, and beliefs, combining biological, archaeological, linguistic, and cultural approaches to study humanity across time and space."
"What does economics study the production, distribution, and consumption of goods and services?","Economics studies the production, distribution, and consumption of goods and services, including microeconomics analyzing individual and firm behavior, supply and demand, market structures, and pricing, and macroeconomics exploring national income, inflation, unemployment, fiscal and monetary policy, trade, and economic growth, applying quantitative models to understand and manage economies."
"What is the focus of psychology?","Psychology focuses on the human mind, behavior, cognition, perception, emotion, development, and mental health, investigating processes such as learning, memory, motivation, intelligence, personality, and social interaction, and applying findings to education, therapy, and organizational management."
"What is education as a social science?","Education as a social science examines learning theories, pedagogy, curriculum development, assessment, and educational policy, shaping effective teaching practices and equitable access to knowledge."
"How do cultural studies examine identity, ideology, media, power relations and cultural production?","Cultural studies explore identity, ideology, media, power relations, and cultural production, analyzing how societal values, traditions, and technology influence human behavior, representation, and communication."
"Law and legal studies investigate the rules and systems governing human conduct, justice, rights and responsibility?","Law and legal studies investigate the rules and systems governing human conduct, justice, rights, and responsibilities, encompassing constitutional law, civil law, criminal law, international law, and legal philosophy, influencing governance and societal order."
"How does archaeology reconstruct past human activity?","Archaeology reconstructs past human activity through material remains, artifacts, architecture, and environmental evidence, shedding light on prehistoric, ancient, and historic societies, trade, migration, and technological development."
"Religious studies examine beliefs, rituals, spiritual practices, sacred texts, and institutions across the world?","Religious studies examine beliefs, rituals, spiritual practices, sacred texts, and institutions across world religions, analyzing theological concepts, cultural influence, and ethical implications."
"Social work integrates knowledge from humanities and social sciences to support individuals, families, and communities?","Social work integrates knowledge from humanities and social sciences to support individuals, families, and communities, addressing social problems, inequality, and welfare, promoting social justice and human rights."
"How do Interdisciplinary approaches within humanities and social sciences bridge history, philosophy, economics, political science, and cultural studies?","Interdisciplinary approaches within humanities and social sciences bridge history, philosophy, economics, political science, and cultural studies, fostering critical thinking, empathy, and informed citizenship."
"What type of methods do research methods use?","Research methods in these fields utilize qualitative and quantitative approaches, including interviews, surveys, textual analysis, ethnography, and statistical evaluation, ensuring rigorous, evidence-based conclusions."
"What does humanities and social sciences provide for understanding human thought, behavior, culture, and society?","Overall, the humanities and social sciences provide a comprehensive framework for understanding human thought, behavior, culture, and society, equipping individuals with analytical, ethical, and communicative skills necessary to navigate complex social systems, appreciate cultural diversity, critically evaluate information, and contribute to the advancement of knowledge, policy, and human welfare across local and global contexts."
"What do arts and culture encompass the diverse expressions of human creativity, imagination, and identity?","Arts and culture encompass the diverse expressions of human creativity, imagination, and identity, reflecting the values, beliefs, and experiences of societies across time and space."
"What types of visual arts include painting, sculpture, drawing, printmaking, photography, and digital art?","Visual arts include painting, sculpture, drawing, printmaking, photography, and digital art, employing various techniques, materials, and styles to communicate emotion, narrative, and conceptual ideas, with historical movements ranging from classical, Renaissance, Baroque, Romanticism, Impressionism, Modernism, to contemporary art."
"What genre of music explores sound, rhythm, melody, harmony, and timbre?","Music explores sound, rhythm, melody, harmony, and timbre, spanning genres such as classical, jazz, rock, pop, folk, electronic, and world music, and utilizing instruments, vocals, composition, and improvisation to evoke emotion, storytelling, and cultural identity."
"What do theatre and performance arts include drama, acting, stage design, costumes, lighting, and direction?","Theatre and performance arts integrate drama, acting, stage design, costumes, lighting, and direction to convey narratives, social commentary, and entertainment, encompassing traditions from Greek tragedy, Shakespearean plays, commedia dell’arte, kabuki, and modern experimental theatre."
"How does dance express emotion, storytelling, ritual and social interaction?","Dance, as a performative art, expresses emotion, storytelling, ritual, and social interaction through movement, rhythm, and choreography, encompassing ballet, contemporary, modern, folk, hip-hop, and classical forms, with cultural and spiritual significance in different societies."
"How does literature capture human experience, imagination, and reflection?","Literature, as a cultural artifact, captures human experience, imagination, and reflection through prose, poetry, novels, short stories, and essays, exploring themes of identity, morality, society, conflict, love, philosophy, and human emotion, with global contributions from authors, poets, and playwrights across languages and epochs."
"What genres combine narrative, visual imagery, sound, editing, and performance?","Film and cinema combine narrative, visual imagery, sound, editing, and performance to create immersive storytelling experiences, evolving from silent films to modern digital filmmaking, including genres such as drama, comedy, action, documentary, animation, and experimental cinema, reflecting cultural, social, and historical contexts."
"What type of architecture manifests culture and creativity?","Architecture manifests culture and creativity through design, planning, construction, and aesthetic expression, ranging from ancient monuments, temples, and castles to modern skyscrapers, urban planning, sustainable architecture, and innovative structural engineering, balancing functionality, symbolism, and artistic vision."
"How do cultural studies investigate identity, ideology, media, representation, heritage, and tradition?","Cultural studies investigate identity, ideology, media, representation, heritage, and tradition, analyzing how societies transmit values, beliefs, norms, and practices, including rituals, festivals, cuisine, fashion, and lifestyle."
"How do museums, galleries and cultural institutions preserve, interpret, and present artifacts?","Museums, galleries, and cultural institutions preserve, interpret, and present artifacts, artworks, and historical materials, facilitating education, research, and cultural appreciation."
"What do folk arts and crafts express regional, ethnic, and communal identities?","Folk arts and crafts, including textiles, pottery, woodwork, weaving, embroidery, and beadwork, express regional, ethnic, and communal identities, combining utilitarian and aesthetic functions, often passed through generations as heritage and tradition."
"What do media and communication arts explore?","Media and communication arts explore visual storytelling, journalism, digital content creation, photography, videography, and interactive media, examining the influence of technology, social media, and global connectivity on cultural production and dissemination."
"What does philosophy of art and aesthetics consider beauty, creativity, expression, interpretation and impact of art on human perception and society?","Philosophy of art and aesthetics considers the nature of beauty, creativity, expression, interpretation, and the impact of art on human perception and society, engaging with ethical, social, and emotional dimensions of artistic practice."
"What is the name of art history?","Art history traces movements, techniques, influences, and iconic works, situating artistic developments within social, political, religious, and economic contexts to understand evolution, innovation, and cross-cultural exchange."
"What does Performing arts integrate technology, multimedia, and interdisciplinary collaboration?","Performing arts integrate technology, multimedia, and interdisciplinary collaboration to create immersive, experimental, and participatory experiences that challenge conventions and explore contemporary themes."
"Fashion, design, and visual culture reflect personal, social, and cultural identity?","Fashion, design, and visual culture reflect personal, social, and cultural identity, incorporating innovation, tradition, trends, and symbolism, shaping how societies perceive aesthetics and self-expression."
"What does literature, film, and music often intersect with political, social, and philosophical discourse?","Literature, film, and music often intersect with political, social, and philosophical discourse, highlighting issues of human rights, cultural identity, globalization, and social justice."
"How do cross-cultural exchange, globalization, and digital connectivity influence contemporary arts and culture?","Cross-cultural exchange, globalization, and digital connectivity influence contemporary arts and culture, fostering hybrid forms, collaboration, innovation, and global appreciation of diverse artistic expressions."
"Critical theory, semiotics, and cultural analysis provide frameworks for interpreting meaning, symbolism, power relations, and ideological influence within artistic works and cultural practices?","Critical theory, semiotics, and cultural analysis provide frameworks for interpreting meaning, symbolism, power relations, and ideological influence within artistic works and cultural practices."
"What do arts and culture contribute to emotional, intellectual, and social development?","Arts and culture contribute to emotional, intellectual, and social development, fostering empathy, creativity, imagination, critical thinking, and cultural literacy, and play a vital role in education, community building, and societal cohesion."
"What do arts and culture remain essential to understanding humanity?","Through ongoing innovation, preservation, and exploration, arts and culture remain essential to understanding humanity, reflecting collective memory, identity, aspirations, and the ever-evolving nature of human experience, creativity, and expression across the globe, bridging history, technology, and imagination, and inspiring future generations to engage with the world aesthetically, intellectually, and emotionally."
"Health and lifestyle include holistic approach to physical, mental, and social well-being, emphasizing preventive measures, proper nutrition, exercise, hygiene, mental health care and lifestyle choices that enhance quality of life and longevity?","Health and lifestyle encompass the holistic approach to physical, mental, and social well-being, emphasizing preventive measures, proper nutrition, exercise, hygiene, mental health care, and lifestyle choices that enhance quality of life and longevity."
"What role does nutrition play in the balance of macronutrients?","Nutrition plays a central role, focusing on the balance of macronutrients such as carbohydrates, proteins, and fats, micronutrients like vitamins and minerals, hydration, and the consumption of whole, natural foods over processed options, while considering dietary needs across different age groups, activity levels, and health conditions."
"What contributes to cardiovascular health, muscle strength, flexibility, endurance and bone density?","Exercise and physical activity contribute to cardiovascular health, muscle strength, flexibility, endurance, bone density, weight management, and mental well-being, with activities ranging from aerobic exercises, strength training, yoga, Pilates, and flexibility routines to recreational sports and outdoor activities."
"What is sleep vital for health?","Sleep is vital for health, affecting cognitive function, memory consolidation, immune system strength, hormonal balance, and emotional regulation, with quality and duration tailored to individual needs, typically seven to nine hours for adults."
"What is the focus of mental health?","Mental health focuses on the prevention, diagnosis, and management of conditions such as depression, anxiety, stress, and cognitive disorders, utilizing therapies, counseling, mindfulness, meditation, and social support systems, promoting resilience, emotional intelligence, and coping mechanisms."
"What kind of hygiene reduces the risk of infectious diseases?","Hygiene, including personal care, handwashing, dental care, grooming, and sanitation, reduces the risk of infectious diseases and contributes to overall health and societal well-being."
"Preventive healthcare involves regular check-ups, vaccinations, screenings, and early detection of diseases to mitigate risks and improve outcomes?","Preventive healthcare involves regular medical check-ups, vaccinations, screenings, and early detection of diseases to mitigate risks and improve outcomes, complemented by public health initiatives and education on lifestyle-related illnesses such as diabetes, cardiovascular diseases, obesity, and hypertension."
"What do healthy lifestyle choices include avoiding harmful substances such as tobacco, excessive alcohol, recreational drugs, and minimizing exposure to environmental toxins and pollutants?","Healthy lifestyle choices extend to avoiding harmful substances such as tobacco, excessive alcohol, recreational drugs, and minimizing exposure to environmental toxins and pollutants, fostering long-term wellness."
"What types of techniques help regulate the physiological and psychological effects of stress?","Stress management techniques, including meditation, breathing exercises, physical activity, time management, and mindfulness practices, help regulate the physiological and psychological effects of stress, preventing burnout and improving overall mental and emotional health."
"What do social connections, relationships and community engagement influence emotional well-being?","Social connections, relationships, and community engagement influence emotional well-being, providing support networks, enhancing life satisfaction, and contributing to a sense of purpose and belonging."
"What is the focus of occupational health?","Occupational health emphasizes safe working conditions, ergonomics, work-life balance, and preventive measures against work-related injuries and chronic conditions, promoting productivity and long-term health."
"What do public health policies and awareness campaigns educate populations on?","Public health policies and awareness campaigns educate populations on nutrition, exercise, disease prevention, vaccination, sanitation, mental health, and safety practices, aiming to reduce health disparities and improve population-level outcomes."
"What does chronic disease management integrate lifestyle modification, medication adherence, monitoring, rehabilitation, and patient education?","Chronic disease management integrates lifestyle modification, medication adherence, monitoring, rehabilitation, and patient education to optimize health outcomes for conditions such as diabetes, hypertension, cardiovascular disease, respiratory illnesses, and autoimmune disorders."
"What does reproductive health cover sexual education, family planning, prenatal and postnatal care, maternal and child health, fertility and safe practices?","Reproductive health covers sexual education, family planning, prenatal and postnatal care, maternal and child health, fertility, and safe practices, ensuring informed decisions and reducing health risks."
"What kind of innovations enhance personalized healthcare?","Technology and digital health innovations, including wearable devices, health apps, telemedicine, electronic health records, and AI-driven diagnostics, enhance personalized healthcare, monitoring, preventive strategies, and accessibility."
"Fitness tracking, wearable sensors, and health data analytics empower individuals to monitor activity, heart rate, sleep patterns, nutrition, and overall wellness?","Fitness tracking, wearable sensors, and health data analytics empower individuals to monitor activity, heart rate, sleep patterns, nutrition, and overall wellness, facilitating informed lifestyle choices and proactive interventions."
"Dietetics and specialized nutrition approaches address specific health needs, including weight management, sports nutrition, clinical nutrition for medical conditions and culturally appropriate dietary planning?","Dietetics and specialized nutrition approaches address specific health needs, including weight management, sports nutrition, clinical nutrition for medical conditions, and culturally appropriate dietary planning."
"What are two types of mental and emotional wellness programs?","Mental and emotional wellness programs, incorporating counseling, therapy, mindfulness, stress reduction, and cognitive-behavioral strategies, aim to improve resilience, emotional regulation, problem-solving, and social interaction."
"What factors influence health outcomes and necessitate public policy interventions?","Environmental and lifestyle factors, such as exposure to pollution, urbanization, sedentary behavior, and access to green spaces, influence health outcomes and necessitate public policy interventions, urban planning, and individual lifestyle adjustments."
"Holistic approaches integrate physical activity, nutrition, sleep, stress management, social engagement, preventive healthcare, and mental health strategies?","Holistic approaches integrate physical activity, nutrition, sleep, stress management, social engagement, preventive healthcare, and mental health strategies to achieve overall well-being and optimal functioning."
"What does education on health literacy equip individuals with the knowledge, skills, and motivation to make informed decisions?","Education on health literacy equips individuals with the knowledge, skills, and motivation to make informed decisions regarding nutrition, exercise, preventive care, mental health, and lifestyle habits, fostering self-efficacy and empowerment."
"Aging and longevity research explores strategies to maintain physical, cognitive, and emotional health in later life?","Aging and longevity research explores strategies to maintain physical, cognitive, and emotional health in later life, emphasizing preventive care, nutrition, exercise, social engagement, and adaptation to physiological changes."
"What factors influence health behaviors, access to care, and lifestyle choices?","Cultural, socioeconomic, and geographic factors influence health behaviors, access to care, dietary patterns, and lifestyle choices, requiring tailored interventions, policies, and education to address disparities and promote equity."
"What is the foundation for effective health and lifestyle management?","The integration of scientific research, technology, public health, clinical practice, and personal responsibility forms the foundation for effective health and lifestyle management, improving life expectancy, quality of life, and societal productivity."
"How are health and lifestyle interconnected domains?","Overall, health and lifestyle are interconnected domains that require a balanced approach to nutrition, exercise, mental well-being, preventive care, social engagement, and environmental awareness, fostering resilience, vitality, and longevity while enabling individuals to lead fulfilling, productive, and harmonious lives in the context of modern society and evolving global challenges."
"Finance and economics encompass the study of money, markets, resources, production, consumption, and the allocation of goods and services?","Finance and economics encompass the study of money, markets, resources, production, consumption, and the allocation of goods and services, providing frameworks for understanding individual, corporate, and governmental decision-making, wealth creation, and global economic dynamics."
"What is the term for macroeconomics?","Economics is divided into microeconomics, which analyzes individual and firm behavior, supply and demand, price mechanisms, market structures such as perfect competition, monopoly, oligopoly, and monopolistic competition, consumer choice theory, production functions, cost analysis, and decision-making under uncertainty, and macroeconomics, which studies aggregate economic indicators, national income, inflation, unemployment, fiscal and monetary policy, economic growth, business cycles, trade balances, and government intervention."
"What does international economics examine the impact of global markets on domestic economies?","International economics examines trade, globalization, exchange rates, tariffs, trade agreements, and the impact of global markets on domestic economies."
"What is the purpose of development economics?","Development economics investigates economic growth, poverty alleviation, income inequality, infrastructure, education, health, and policy strategies to improve living standards and foster sustainable development in emerging economies."
"What does Behavioral economics integrate insights from psychology into economic decision-making?","Behavioral economics integrates insights from psychology into economic decision-making, studying biases, heuristics, risk perception, and irrational behaviors that affect consumption, saving, investment, and market dynamics."
"What is the focus of finance?","Finance focuses on the management, creation, and study of money, banking, credit, investments, and financial instruments, encompassing personal finance, corporate finance, and public finance."
"What does personal finance cover budgeting, saving, investing, debt management, retirement planning, insurance, and tax strategies?","Personal finance covers budgeting, saving, investing, debt management, retirement planning, insurance, and tax strategies to optimize individual wealth, security, and financial independence."
"What does corporate finance address to maximize shareholder value and organizational growth?","Corporate finance addresses capital structure, fundraising, investment appraisal, risk management, mergers and acquisitions, dividend policies, and strategic financial planning to maximize shareholder value and organizational growth."
"What types of markets facilitate the allocation of capital, liquidity and risk management?","Financial markets, including stock markets, bond markets, commodities, foreign exchange, derivatives, and cryptocurrency exchanges, facilitate the allocation of capital, liquidity, and risk management, with instruments such as equities, bonds, options, futures, swaps, and tokens providing mechanisms for investment, speculation, and hedging."
"What type of analysis involves evaluating asset performance, risk-return tradeoffs, portfolio diversification, market trends, fundamental and technical analysis?","Investment analysis involves evaluating asset performance, risk-return trade-offs, portfolio diversification, market trends, fundamental and technical analysis, and quantitative modeling to optimize returns and manage exposure."
"What do banks and financial institutions provide credit, payment, deposit management, and investment services?","Banking and financial institutions provide credit, payment systems, deposit management, lending, and investment services, while central banks regulate monetary policy, control inflation, stabilize currencies, and maintain financial system integrity."
"What does risk management do?","Risk management identifies, measures, and mitigates financial, operational, market, and credit risks through strategies such as insurance, hedging, derivatives, diversification, and contingency planning."
"What does public finance examine?","Public finance examines government revenue, expenditure, taxation, debt management, budget allocation, and policy interventions, ensuring efficient resource allocation, social welfare, and macroeconomic stability."
"What does economic policy analysis evaluate the impact of fiscal, monetary, trade, labor and environmental policies on growth, inflation, employment, equity, and sustainability?","Economic policy analysis evaluates the impact of fiscal, monetary, trade, labor, and environmental policies on growth, inflation, employment, equity, and sustainability, informing decision-making at national and international levels."
"What type of technology integrates technology, AI, blockchain, digital payments?","Financial technology, or fintech, integrates technology, AI, blockchain, digital payments, mobile banking, robo-advisors, algorithmic trading, and online lending platforms, transforming traditional financial services, enhancing accessibility, efficiency, security, and customer experience."
"What do corporate governance and regulatory frameworks ensure transparency, accountability, and ethical practices in financial markets?","Corporate governance and regulatory frameworks ensure transparency, accountability, and ethical practices in financial markets, protecting investors, maintaining stability, and promoting investor confidence."
"What does international finance address exchange rates, balance payments, global investment flows?","International finance addresses exchange rates, balance of payments, global investment flows, foreign direct investment, currency risk, and the role of multinational corporations in the global economy."
"What does Behavioral finance examine psychological factors that affect investor behavior?","Behavioral finance examines psychological factors affecting investor behavior, market anomalies, herd behavior, overconfidence, loss aversion, and market bubbles, providing insights into market dynamics and financial decision-making."
"What do environmental, social, and governance (ESG) investments integrate long term environmental and social impact considerations into financial decisions?","Sustainable finance and environmental, social, and governance (ESG) investing integrate long-term environmental and social impact considerations into financial decisions, promoting ethical investment, corporate responsibility, and sustainable development."
"What does economic modeling and forecasting use to predict market trends, economic growth, inflation, employment, and policy impacts?","Economic modeling and forecasting utilize quantitative methods, econometrics, statistical analysis, simulations, and scenario planning to predict market trends, economic growth, inflation, employment, and policy impacts."
"What do small and medium enterprises, startups, venture capital and incubators play critical roles in fostering economic dynamism?","Entrepreneurship and innovation drive economic development, job creation, technological advancement, and competitive markets, with small and medium enterprises (SMEs), startups, venture capital, and incubators playing critical roles in fostering economic dynamism."
"Globalization and international trade influence comparative advantage, supply chains and labor markets?","Globalization and international trade influence comparative advantage, supply chains, labor markets, capital flows, economic interdependence, and cultural exchange, affecting domestic and global economic stability."
"What type of astronomy is used to gather data across the electromagnetic spectrum?","Astronomy investigates the formation, evolution, and behavior of celestial bodies, including planetary systems, star clusters, and galaxies, utilizing observational techniques such as telescopes, spectroscopy, photometry, and radio astronomy to gather data across the electromagnetic spectrum, from radio waves to gamma rays."
"What does Astrophysics apply principles of physics and mathematics to understand the mechanics of astronomical objects?","Astrophysics applies principles of physics and mathematics to understand the mechanics, thermodynamics, nuclear processes, and gravitational interactions of astronomical objects, explaining stellar evolution, supernovae, neutron stars, pulsars, and the life cycles of stars."
"What does Cosmology study the origin, structure, evolution, and fate of the universe?","Cosmology studies the origin, structure, evolution, and fate of the universe, including the Big Bang theory, cosmic inflation, expansion, the cosmic microwave background radiation, and the distribution of matter and energy at the largest scales."
"Planetary science examines planets, moons, asteroids, comets and other solar system bodies?","Planetary science examines planets, moons, asteroids, comets, and other solar system bodies, analyzing composition, geology, atmospheres, magnetic fields, and potential habitability, informed by spacecraft missions, telescopic observations, and computer modeling."
"What does Stellar astronomy focus on?","Stellar astronomy focuses on the properties of stars, including mass, luminosity, temperature, composition, spectral classification, nuclear fusion processes, stellar dynamics, and interactions within binary and multiple star systems, contributing to understanding galactic structure and chemical evolution."
"What is the purpose of Exoplanet research?","Exoplanet research investigates planets beyond the solar system, detecting them through methods such as transit photometry, radial velocity, direct imaging, and gravitational microlensing, and assessing their potential for hosting life."
"What kind of holes are studied for formation, event horizons, accretion disks, relativistic jets and influence on surrounding matter and energy?","Black holes, regions of spacetime exhibiting extreme gravitational pull, are studied for their formation, event horizons, accretion disks, relativistic jets, and influence on surrounding matter and energy, providing insights into general relativity and high-energy astrophysics."
"What do large-scale surveys map billions of galaxies to understand cosmic web structure?","Galaxies, ranging from dwarf irregulars to massive ellipticals, are analyzed for structure, star formation, dark matter content, interactions, mergers, and evolution, with large-scale surveys mapping billions of galaxies to understand cosmic web structure."
"What type of telescopes are used in astronomy?","Observational astronomy relies on ground-based and space-based telescopes, interferometry, adaptive optics, and spectroscopic techniques to capture light, analyze spectra, and measure distances, velocities, and chemical composition of celestial objects."
"What are satellites, probes, rovers, and telescopes?","Space missions, including satellites, probes, rovers, and telescopes such as Hubble, James Webb, Voyager, and Mars rovers, extend observational capabilities, provide in situ measurements, and enable detailed mapping of planetary surfaces, atmospheres, and interstellar space."
"What does Astrobiology investigate the origin, evolution, distribution, and future of life?","Astrobiology investigates the origin, evolution, distribution, and future of life in the universe, examining extremophiles, planetary habitability, prebiotic chemistry, and the potential for microbial or intelligent life beyond Earth."
"What reveals high energy processes, relativistic effects and interactions of matter and radiation in extreme environments?","The study of cosmic phenomena such as supernovae, gamma-ray bursts, quasars, pulsars, and active galactic nuclei reveals high-energy processes, relativistic effects, and interactions of matter and radiation in extreme environments."
"What do theoretical models and simulations include?","Theoretical models and simulations, including N-body simulations, hydrodynamics, magnetohydrodynamics, and computational cosmology, help predict and explain cosmic structures, galaxy formation, star formation, planetary dynamics, and large-scale cosmic evolution."
"What do dark matter and dark energy comprise the majority of the universe's mass energy content?","Dark matter and dark energy, comprising the majority of the universe’s mass-energy content, remain critical areas of research, influencing galaxy rotation curves, gravitational lensing, cosmic expansion, and the ultimate fate of the universe."
"What is the key to understanding solar system dynamics and planning space missions?","Celestial mechanics applies Newtonian and relativistic dynamics to study orbital motion, planetary perturbations, tidal forces, and spacecraft trajectories, essential for understanding solar system dynamics and planning space missions."
"What is the purpose of space exploration?","Space exploration, encompassing human and robotic missions, aims to investigate planetary surfaces, gather scientific data, develop technologies for long-duration spaceflight, and potentially enable colonization of extraterrestrial environments, addressing challenges such as radiation, microgravity, life support, and sustainability."
"What types of cosmological models can be found in observational cosmology?","Observational cosmology, deep-field imaging, redshift surveys, and gravitational wave detection expand knowledge of the universe’s history, large-scale structure, and energetic events, enabling testing of fundamental physics and refinement of cosmological models."
"Interdisciplinary research integrates astronomy with physics, chemistry, geology, biology, engineering, and computer science?","Interdisciplinary research integrates astronomy with physics, chemistry, geology, biology, engineering, and computer science, advancing instrumentation, data analysis, modeling, and interpretation of complex cosmic phenomena."
"What does education and outreach inspire curiosity, critical thinking, STEM engagement, and public understanding of the universe?","Education and outreach in space science inspire curiosity, critical thinking, STEM engagement, and public understanding of the universe, encouraging innovation and fostering the next generation of astronomers, astrophysicists, engineers, and explorers."
"What does space and astronomy provide profound insights into the nature of the universe?","Overall, space and astronomy provide profound insights into the nature of the universe, the origins and evolution of celestial bodies, the potential for life beyond Earth, and the fundamental laws governing matter, energy, space, and time, driving technological innovation, scientific discovery, and the human quest for knowledge, exploration, and understanding of our place in the cosmos."
"What type of activities do sports and games include?","Sports and games encompass physical, mental, and strategic activities that engage individuals and teams in competition, skill development, recreation, and entertainment, promoting physical fitness, mental agility, social interaction, discipline, and cultural identity."
"Physical sports include athletics, football, basketball, soccer, cricket, tennis, swimming, gymnastics, martial arts, track and field events, cycling, skiing, rowing, and many other disciplines.","Physical sports include athletics, football, basketball, soccer, cricket, tennis, swimming, gymnastics, martial arts, track and field events, cycling, skiing, rowing, and countless other disciplines, each with specific rules, techniques, strategies, and training regimens designed to enhance strength, endurance, speed, agility, coordination, and overall athletic performance."
"What do individual sports focus on?","Team sports emphasize cooperation, communication, strategy, and coordination, fostering leadership, camaraderie, and collective goal achievement, while individual sports focus on personal skill, mental resilience, self-discipline, and mastery of techniques."
"How can games be categorized into physical, mental, and digital forms?","Games can be categorized into physical, mental, and digital forms, including board games, card games, chess, puzzles, strategy games, eSports, and video games, which enhance problem-solving, cognitive skills, memory, decision-making, and hand-eye coordination."
"What types of training and conditioning involve strength training, cardiovascular fitness, flexibility exercises?","Training and conditioning involve strength training, cardiovascular fitness, flexibility exercises, tactical drills, skill refinement, nutrition planning, rest, and recovery, aimed at optimizing performance, preventing injuries, and ensuring longevity in sports careers."
"Sports psychology addresses motivation, focus, mental toughness, goal setting, stress management, visualization, confidence building, andcoping strategies for competitive pressure and performance anxiety?","Sports psychology addresses motivation, focus, mental toughness, goal setting, stress management, visualization, confidence building, and coping strategies for competitive pressure and performance anxiety."
"What are rules and regulations governed by national and international bodies?","Rules and regulations, governed by national and international bodies such as FIFA, IOC, NBA, ICC, and others, ensure fairness, safety, standardization, and integrity across competitions, tournaments, and leagues."
"What role does coaching and mentorship play in developing technical skills, strategic understanding, tactical awareness, and ethical conduct?","Coaching and mentorship play a critical role in developing technical skills, strategic understanding, tactical awareness, and ethical conduct, while also instilling values of sportsmanship, teamwork, perseverance, and resilience."
"What amplify the cultural, economic, and social impact of sports?","Spectatorship, media coverage, and broadcasting amplify the cultural, economic, and social impact of sports, shaping fan communities, commercial opportunities, sponsorships, and global recognition of athletes and events."
"What have eSports and digital games emerged as competitive platforms?","eSports and digital games have emerged as competitive platforms, engaging players in multiplayer online games, strategy challenges, simulations, and skill-based competitions, fostering global tournaments, professional leagues, sponsorships, and technological innovation."
"What do adaptive sports and games promote inclusion for individuals with physical, sensory or cognitive disabilities?","Adaptive sports and games promote inclusion for individuals with physical, sensory, or cognitive disabilities, enabling participation in activities such as wheelchair basketball, para-swimming, blind football, and adaptive athletics, supported by specialized equipment, coaching, and rules."
"Statistical analysis, performance metrics, and data-driven strategies guide decision-making in player selection, game tactics, injury risk assessment, and long-term development?","Statistical analysis, performance metrics, and data-driven strategies guide decision-making in player selection, game tactics, injury risk assessment, and long-term development, utilizing analytics in team management, scouting, and predictive modeling."
"Fitness and recreation emphasize physical activity for health, wellness, stress relief, and social interaction?","Fitness and recreation emphasize physical activity for health, wellness, stress relief, and social interaction, encouraging active lifestyles, leisure activities, outdoor adventures, and hobbyist engagement across age groups and communities."
"What are chess, Go, bridge, poker, and modern tabletop games examples of?","Strategic and board games cultivate logical reasoning, critical thinking, planning, probability assessment, negotiation, resource management, and creative problem-solving, exemplified by chess, Go, bridge, poker, and modern tabletop games."
"What do youth development programs leverage sports and games to teach life skills, resilience, teamwork and discipline?","Youth development programs leverage sports and games to teach life skills, resilience, teamwork, discipline, time management, goal setting, leadership, and ethical behavior, preparing individuals for personal and professional growth."
"What do international competitions foster cultural exchange, diplomacy, global cooperation, and national pride?","International competitions, including the Olympic Games, World Cups, championships, and regional tournaments, foster cultural exchange, diplomacy, global cooperation, and national pride, while highlighting athletic excellence, innovation, and human potential."
"What type of medicine is used in sports medicine?","Sports medicine addresses injury prevention, diagnosis, treatment, rehabilitation, and recovery, encompassing musculoskeletal, cardiovascular, neurological, and psychological aspects, supporting safe participation and optimal performance."
"What does physical education integrate theory, practice, and skill development in schools and communities?","Physical education integrates theory, practice, and skill development in schools and communities, promoting lifelong fitness, knowledge of rules, safety awareness, teamwork, and appreciation for diverse sports and games."
"What kind of cultural significance of sports and games reflect identity, tradition, values, and societal norms?","Cultural significance of sports and games reflects identity, tradition, values, and societal norms, with events, rituals, ceremonies, and fan culture enhancing community cohesion, national pride, and intergenerational engagement."
"Technology, innovation, and equipment advancement, including performance wear, protective gear, training devices, and virtual platforms, transform participation, safety, efficiency, and spectator experiences?","Technology, innovation, and equipment advancement, including performance wear, protective gear, training devices, and virtual platforms, continuously transform participation, safety, efficiency, and spectator experiences."
"What does sports and games provide multidimensional benefits?","Overall, sports and games provide multidimensional benefits encompassing physical health, cognitive development, emotional resilience, social interaction, cultural expression, entertainment, and professional opportunities, shaping individual growth, community engagement, and global connections, inspiring excellence, fostering fair play, and nurturing creativity, discipline, teamwork, and perseverance across generations and societies."
"What types of knowledge and trivia encompass a wide range of facts, curiosities, and insights from diverse domains?","Miscellaneous knowledge and trivia encompass a wide range of facts, curiosities, and insights from diverse domains, providing interesting, unusual, and sometimes surprising information about the world, human behavior, nature, science, history, culture, technology, and daily life."
"What does Trivia cover about animals?","Trivia covers unusual facts about animals, such as the ability of octopuses to change color and texture for camouflage, the extraordinary memory of elephants, the migratory patterns of monarch butterflies, and the bioluminescence of deep-sea creatures, illustrating the diversity and complexity of life on Earth."
"Space and astronomy trivia include facts like the Sun being approximately 93 million miles from Earth, the existence of over 5,000 confirmed exoplanets?","Space and astronomy trivia include facts like the Sun being approximately 93 million miles from Earth, the existence of over 5,000 confirmed exoplanets, the rotation of Venus being slower than its revolution around the Sun, and the phenomenon of neutron stars spinning hundreds of times per second, highlighting the mysteries and extremes of the universe."
"What types of trivia include the invention of the computer by Charles Babbage?","Technology and science trivia include the invention of the first computer by Charles Babbage, the development of the World Wide Web by Tim Berners-Lee, the principles of quantum mechanics that govern subatomic particles, and the peculiar behavior of light acting both as particle and wave, reflecting human curiosity, innovation, and discovery."
"What does language trivia include?","Language trivia includes interesting facts like the existence of over 7,000 languages worldwide, the longest word in English exceeding 189,000 letters in chemical nomenclature, and the development of writing systems such as cuneiform, hieroglyphs, and alphabets, highlighting communication evolution and linguistic diversity."
"What sports trivia include Usain Bolt's 100 meters sprint world record?","Sports and games trivia include records like Usain Bolt’s 100-meter sprint world record, the origin of chess in India, the first modern Olympic Games held in Athens in 1896, and unique traditions like the annual cheese-rolling event in Gloucestershire, reflecting human play, competition, and culture."
"What kind of trivia reveal the origins of pizza in Naples?","Food and culinary trivia reveal facts such as the origins of pizza in Naples, the discovery of chocolate by ancient Mesoamerican civilizations, the nutritional content of quinoa as a complete protein, and the process of fermentation used in bread, cheese, and beverages, showcasing cultural diversity, science, and innovation in human sustenance."
"What does psychological and behavioral trivia include insights such as the placebo effect?","Psychological and behavioral trivia includes insights such as the placebo effect influencing perception of treatment, cognitive biases affecting decision-making, memory tricks and mnemonic devices aiding recall, and human emotional responses shaped by evolutionary pressures."
"What is a fascinating window into the breadth of human understanding, natural phenomena, cultural evolution, technological progress, and the curiosities of everyday life?","Overall, miscellaneous knowledge and trivia provide a fascinating window into the breadth of human understanding, natural phenomena, cultural evolution, technological progress, and the curiosities of everyday life, sparking curiosity, learning, critical thinking, and appreciation for the interconnectedness and wonder of the world, offering both entertainment and education across countless subjects and perspectives, engaging the mind and imagination in ways that reveal the extraordinary within the ordinary."
